primaryTitle,genres,directors,writers,averageRating,startYear,runtimeMinutes,numVotes,text_features
12th Fail,"Biography, Drama",Vidhu Vinod Chopra,"Vidhu Vinod Chopra, Jaskunwar Kohli, Anurag Pathak, Aayush Saxena",8.7,2023,147,168519,"biography  drama vidhu vinod chopra vidhu vinod chopra, jaskunwar kohli, anurag pathak, aayush saxena"
Dune: Part Two,"Action, Adventure, Drama",Denis Villeneuve,"Denis Villeneuve, Jon Spaihts, Frank Herbert",8.4,2024,166,720797,"action  adventure  drama denis villeneuve denis villeneuve, jon spaihts, frank herbert"
Spider-Man: Across the Spider-Verse,"Action, Adventure, Animation","Joaquim Dos Santos, Kemp Powers, Justin K. Thompson","Phil Lord, Christopher Miller, Dave Callaham",8.5,2023,140,512263,"action  adventure  animation joaquim dos santos, kemp powers, justin k. thompson phil lord, christopher miller, dave callaham"
Oppenheimer,"Biography, Drama, History",Christopher Nolan,"Christopher Nolan, Kai Bird, Martin Sherwin",8.2,2023,180,1009071,"biography  drama  history christopher nolan christopher nolan, kai bird, martin sherwin"
Attack on Titan the Movie: The Last Attack,"Action, Adventure, Animation",Yûichirô Hayashi,Hajime Isayama,9.2,2024,145,25107,action  adventure  animation yûichirô hayashi hajime isayama
The Wild Robot,"Adventure, Animation, Family",Chris Sanders,"Chris Sanders, Peter Brown",8.2,2024,102,216470,"adventure  animation  family chris sanders chris sanders, peter brown"
Dhurandhar,"Action, Adventure, Crime",Aditya Dhar,"Aditya Dhar, Ojas Gautam, Shivkumar V. Panicker",8.3,2025,214,118933,"action  adventure  crime aditya dhar aditya dhar, ojas gautam, shivkumar v. panicker"
Demon Slayer: Kimetsu no Yaiba Infinity Castle,"Action, Adventure, Animation","Haruo Sotozaki, Hikaru Kondô","Koyoharu Gotouge, Hikaru Kondô",8.4,2025,155,65513,"action  adventure  animation haruo sotozaki, hikaru kondô koyoharu gotouge, hikaru kondô"
20 Days in Mariupol,"Documentary, War",Mstyslav Chernov,"Mstyslav Chernov, Katherine Griwert",8.6,2023,97,43433,"documentary  war mstyslav chernov mstyslav chernov, katherine griwert"
I'm Still Here,"Biography, Drama, History",Walter Salles,"Murilo Hauser, Heitor Lorega, Marcelo Rubens Paiva",8.1,2024,137,145321,"biography  drama  history walter salles murilo hauser, heitor lorega, marcelo rubens paiva"
Maharaja,"Action, Crime, Drama",Nithilan Saminathan,Nithilan Saminathan,8.3,2024,141,80196,action  crime  drama nithilan saminathan nithilan saminathan
Lost Ladies,"Comedy, Drama",Kiran Rao,"Biplab Goswami, Sneha Desai, Divy Nidhi Sharma",8.3,2023,122,58824,"comedy  drama kiran rao biplab goswami, sneha desai, divy nidhi sharma"
Mahavatar Narsimha,"Action, Animation, Drama",Ashwin Kumar,"Jayapurna Das, Ashwin Kumar, Rudra Pratap Ghosh, Rudra P. Ghosh",8.5,2024,130,45618,"action  animation  drama ashwin kumar jayapurna das, ashwin kumar, rudra pratap ghosh, rudra p. ghosh"
Guardians of the Galaxy Vol. 3,"Action, Adventure, Comedy",James Gunn,"James Gunn, Jim Starlin, Stan Lee, Larry Lieber, Jack Kirby, Steve Englehart, Don Heck, Roger Stern, John Buscema, Sal Buscema, Bill Mantlo, Keith Giffen, Steve Gan",7.9,2023,150,464863,"action  adventure  comedy james gunn james gunn, jim starlin, stan lee, larry lieber, jack kirby, steve englehart, don heck, roger stern, john buscema, sal buscema, bill mantlo, keith giffen, steve gan"
Chainsaw Man - The Movie: Reze Arc,"Action, Adventure, Animation",Tatsuya Yoshihara,"Tatsuki Fujimoto, Hiroshi Seko",8.3,2025,100,48201,"action  adventure  animation tatsuya yoshihara tatsuki fujimoto, hiroshi seko"
Poor Things,"Comedy, Drama, Romance",Yorgos Lanthimos,"Tony McNamara, Alasdair Gray",7.8,2023,141,387488,"comedy  drama  romance yorgos lanthimos tony mcnamara, alasdair gray"
The Holdovers,"Comedy, Drama",Alexander Payne,David Hemingson,7.9,2023,133,244804,comedy  drama alexander payne david hemingson
Flow,"Adventure, Animation, Family",Gints Zilbalodis,"Gints Zilbalodis, Matiss Kaza, Ron Dyens",7.9,2024,85,123899,"adventure  animation  family gints zilbalodis gints zilbalodis, matiss kaza, ron dyens"
Perfect Days,Drama,Wim Wenders,"Wim Wenders, Takuma Takasaki",7.9,2023,124,101351,"drama wim wenders wim wenders, takuma takasaki"
Kantara: A Legend - Chapter 1,"Action, Drama, Fantasy",Rishab Shetty,"Rishab Shetty, Anirudh Mahesh, Shanil Guru, Choudary Hanuman, Sanjay Upadhyay, Bharat Veer",8.1,2025,165,54531,"action  drama  fantasy rishab shetty rishab shetty, anirudh mahesh, shanil guru, choudary hanuman, sanjay upadhyay, bharat veer"
No Other Land,Documentary,"Yuval Abraham, Basel Adra, Hamdan Ballal, Rachel Szor","Basel Adra, Rachel Szor, Hamdan Ballal, Yuval Abraham",8.2,2024,92,33941,"documentary yuval abraham, basel adra, hamdan ballal, rachel szor basel adra, rachel szor, hamdan ballal, yuval abraham"
Manjummel Boys,"Adventure, Drama, Thriller",Chidambaram,Chidambaram,8.2,2024,135,33060,adventure  drama  thriller chidambaram chidambaram
Hi Nanna,"Drama, Family, Romance",Shouryuv,"Vamshi Bommena, Nagendra Kasi, Shouryuv, Rashmi Singh",8.3,2023,155,25865,"drama  family  romance shouryuv vamshi bommena, nagendra kasi, shouryuv, rashmi singh"
One Battle After Another,"Action, Crime, Drama",Paul Thomas Anderson,"Paul Thomas Anderson, Thomas Pynchon",7.7,2025,161,342084,"action  crime  drama paul thomas anderson paul thomas anderson, thomas pynchon"
Society of the Snow,"Adventure, Biography, Drama",J.A. Bayona,"J.A. Bayona, Bernat Vilaplana, Jaime Marques, Nicolás Casariego, Pablo Vierci",7.8,2023,144,172113,"adventure  biography  drama j.a. bayona j.a. bayona, bernat vilaplana, jaime marques, nicolás casariego, pablo vierci"
Past Lives,"Drama, Romance",Celine Song,Celine Song,7.8,2023,105,169797,drama  romance celine song celine song
Marty Supreme,"Drama, Sport",Josh Safdie,"Ronald Bronstein, Josh Safdie",7.8,2025,149,118561,"drama  sport josh safdie ronald bronstein, josh safdie"
Hamnet,"Biography, Drama, History",Chloé Zhao,"Chloé Zhao, Maggie O'Farrell",7.9,2025,125,74477,"biography  drama  history chloé zhao chloé zhao, maggie o'farrell"
Lucky Baskhar,"Crime, Drama, Thriller",Venky Atluri,Venky Atluri,8.0,2024,148,41047,crime  drama  thriller venky atluri venky atluri
Oficina do Diabo,Drama,Filipe Valerim,"Elton Mesquita, Filipe Valerim",8.0,2025,124,35063,"drama filipe valerim elton mesquita, filipe valerim"
John Wick: Chapter 4,"Action, Crime, Thriller",Chad Stahelski,"Shay Hatten, Michael Finch, Derek Kolstad",7.6,2023,169,406693,"action  crime  thriller chad stahelski shay hatten, michael finch, derek kolstad"
F1: The Movie,"Action, Drama, Sport",Joseph Kosinski,"Joseph Kosinski, Ehren Kruger",7.6,2025,155,326511,"action  drama  sport joseph kosinski joseph kosinski, ehren kruger"
Mission: Impossible - Dead Reckoning Part One,"Action, Adventure, Thriller",Christopher McQuarrie,"Bruce Geller, Christopher McQuarrie, Erik Jendresen",7.6,2023,163,324114,"action  adventure  thriller christopher mcquarrie bruce geller, christopher mcquarrie, erik jendresen"
Anatomy of a Fall,"Crime, Drama, Mystery",Justine Triet,"Justine Triet, Arthur Harari",7.6,2023,151,206710,"crime  drama  mystery justine triet justine triet, arthur harari"
Godzilla Minus One,"Action, Adventure, Drama",Takashi Yamazaki,"Takashi Yamazaki, Ishirô Honda, Takeo Murata",7.7,2023,124,201059,"action  adventure  drama takashi yamazaki takashi yamazaki, ishirô honda, takeo murata"
How to Train Your Dragon,"Action, Adventure, Comedy",Dean DeBlois,"Dean DeBlois, Cressida Cowell, William Davies, Chris Sanders",7.7,2025,125,127116,"action  adventure  comedy dean deblois dean deblois, cressida cowell, william davies, chris sanders"
Sentimental Value,Drama,Joachim Trier,"Eskil Vogt, Joachim Trier",7.8,2025,133,55541,"drama joachim trier eskil vogt, joachim trier"
Monster,"Drama, Mystery, Thriller",Hirokazu Koreeda,Yûji Sakamoto,7.8,2023,127,40516,drama  mystery  thriller hirokazu koreeda yûji sakamoto
Chandu Champion,"Action, Biography, Drama",Kabir Khan,"Sumit Arora, Kabir Khan, Sudipto Sarkar, Rohit Shukre",7.8,2024,142,36433,"action  biography  drama kabir khan sumit arora, kabir khan, sudipto sarkar, rohit shukre"
Sirf Ek Bandaa Kaafi Hai,"Crime, Drama, Thriller",Apoorv Singh Karki,Deepak Kingrani,8.0,2023,132,31010,crime  drama  thriller apoorv singh karki deepak kingrani
Deadpool & Wolverine,"Action, Adventure, Comedy",Shawn Levy,"Ryan Reynolds, Rhett Reese, Paul Wernick, Zeb Wells, Shawn Levy, Rob Liefeld, Fabian Nicieza, Len Wein, John Romita Sr., Herb Trimpe, Roy Thomas, Joe Simon, Jack Kirby, Frank Miller",7.5,2024,128,558506,"action  adventure  comedy shawn levy ryan reynolds, rhett reese, paul wernick, zeb wells, shawn levy, rob liefeld, fabian nicieza, len wein, john romita sr., herb trimpe, roy thomas, joe simon, jack kirby, frank miller"
Sinners,"Action, Drama, Horror",Ryan Coogler,Ryan Coogler,7.5,2025,137,417803,action  drama  horror ryan coogler ryan coogler
Furiosa: A Mad Max Saga,"Action, Adventure, Sci-Fi",George Miller,"George Miller, Nick Lathouris",7.5,2024,148,316428,"action  adventure  sci-fi george miller george miller, nick lathouris"
Killers of the Flower Moon,"Crime, Drama, History",Martin Scorsese,"Eric Roth, Martin Scorsese, David Grann",7.5,2023,206,303598,"crime  drama  history martin scorsese eric roth, martin scorsese, david grann"
Inside Out 2,"Adventure, Animation, Comedy",Kelsey Mann,"Meg LeFauve, Dave Holstein, Kelsey Mann",7.5,2024,96,245720,"adventure  animation  comedy kelsey mann meg lefauve, dave holstein, kelsey mann"
The Covenant,"Action, Drama, Thriller",Guy Ritchie,"Guy Ritchie, Ivan Atkinson, Marn Davies",7.5,2023,123,206835,"action  drama  thriller guy ritchie guy ritchie, ivan atkinson, marn davies"
Sound of Freedom,"Biography, Crime, Drama",Alejandro Monteverde,"Rod Barr, Alejandro Monteverde",7.6,2023,131,136270,"biography  crime  drama alejandro monteverde rod barr, alejandro monteverde"
American Fiction,"Comedy, Drama",Cord Jefferson,"Cord Jefferson, Percival Everett",7.5,2023,117,132479,"comedy  drama cord jefferson cord jefferson, percival everett"
KPop Demon Hunters,"Action, Adventure, Animation","Chris Appelhans, Maggie Kang","Danya Jimenez, Hannah McMechan, Maggie Kang, Chris Appelhans, Bo Yeon Kim, Erika Lippoldt",7.5,2025,95,122740,"action  adventure  animation chris appelhans, maggie kang danya jimenez, hannah mcmechan, maggie kang, chris appelhans, bo yeon kim, erika lippoldt"
The Iron Claw,"Biography, Drama, Sport",Sean Durkin,Sean Durkin,7.5,2023,132,117308,biography  drama  sport sean durkin sean durkin
All of Us Strangers,"Drama, Romance",Andrew Haigh,"Andrew Haigh, Taichi Yamada",7.6,2023,105,77997,"drama  romance andrew haigh andrew haigh, taichi yamada"
Kaiva,"Action, Drama, Romance",Jayathirtha,"Jayathirtha, Raghu Niduvalli",7.6,2023,138,69630,"action  drama  romance jayathirtha jayathirtha, raghu niduvalli"
Transformers One,"Action, Adventure, Animation",Josh Cooley,"Eric Pearson, Andrew Barrer, Gabriel Ferrari, Henry Orenstein",7.6,2024,104,63078,"action  adventure  animation josh cooley eric pearson, andrew barrer, gabriel ferrari, henry orenstein"
No Other Choice,"Comedy, Crime, Drama",Park Chan-wook,"Donald E. Westlake, Park Chan-wook, Lee Kyoung-mi, Don McKellar, Jahye Lee",7.6,2025,139,48176,"comedy  crime  drama park chan-wook donald e. westlake, park chan-wook, lee kyoung-mi, don mckellar, jahye lee"
The Count of Monte-Cristo,"Action, Adventure, Drama","Alexandre de La Patellière, Matthieu Delaporte","Alexandre Dumas, Alexandre de La Patellière, Matthieu Delaporte",7.6,2024,178,46939,"action  adventure  drama alexandre de la patellière, matthieu delaporte alexandre dumas, alexandre de la patellière, matthieu delaporte"
The Promised Land,"Action, Biography, Drama",Nikolaj Arcel,"Nikolaj Arcel, Anders Thomas Jensen, Ida Jessen",7.7,2023,127,39766,"action  biography  drama nikolaj arcel nikolaj arcel, anders thomas jensen, ida jessen"
Aavesham,"Action, Comedy",Jithu Madhavan,Jithu Madhavan,7.8,2024,155,32601,action  comedy jithu madhavan jithu madhavan
Hanu Man,"Action, Adventure, Fantasy",Prasanth Varma,Prasanth Varma,7.7,2024,158,30315,action  adventure  fantasy prasanth varma prasanth varma
Article 370,"Action, Drama, Thriller",Aditya Suhas Jambhale,"Aditya Dhar, Monal Thaakar, Aditya Suhas Jambhale, Aarsh Vora, Arjun Dhawan",7.8,2024,158,27468,"action  drama  thriller aditya suhas jambhale aditya dhar, monal thaakar, aditya suhas jambhale, aarsh vora, arjun dhawan"
Weapons,"Horror, Mystery",Zach Cregger,Zach Cregger,7.4,2025,128,319451,horror  mystery zach cregger zach cregger
Frankenstein,"Drama, Fantasy, Horror",Guillermo del Toro,"Guillermo del Toro, Mary Shelley",7.4,2025,149,282665,"drama  fantasy  horror guillermo del toro guillermo del toro, mary shelley"
Anora,"Comedy, Drama, Romance",Sean Baker,Sean Baker,7.4,2024,139,265678,comedy  drama  romance sean baker sean baker
Conclave,"Drama, Thriller",Edward Berger,"Peter Straughan, Robert Harris",7.4,2024,120,253877,"drama  thriller edward berger peter straughan, robert harris"
Air,"Drama, Sport",Ben Affleck,Alex Convery,7.4,2023,111,193476,drama  sport ben affleck alex convery
Bugonia,"Comedy, Crime, Sci-Fi",Yorgos Lanthimos,"Will Tracy, Jang Joon-hwan",7.4,2025,118,153384,"comedy  crime  sci-fi yorgos lanthimos will tracy, jang joon-hwan"
Avatar: Fire and Ash,"Action, Adventure, Animation",James Cameron,"James Cameron, Rick Jaffa, Amanda Silver, Josh Friedman, Shane Salerno",7.4,2025,197,134636,"action  adventure  animation james cameron james cameron, rick jaffa, amanda silver, josh friedman, shane salerno"
Tetris,"Biography, Drama, History",Jon S. Baird,Noah Pink,7.4,2023,118,105527,biography  drama  history jon s. baird noah pink
Zootopia 2,"Action, Adventure, Animation","Jared Bush, Byron Howard",Jared Bush,7.4,2025,108,89950,"action  adventure  animation jared bush, byron howard jared bush"
Train Dreams,Drama,Clint Bentley,"Clint Bentley, Greg Kwedar, Denis Johnson",7.5,2025,102,85189,"drama clint bentley clint bentley, greg kwedar, denis johnson"
Nimona,"Action, Adventure, Animation","Nick Bruno, Troy Quane","Robert L. Baird, Lloyd Taylor, Pamela Ribon, Marc Haimes, Nick Bruno, Troy Quane, Keith Bunin, Nate Stevenson",7.5,2023,101,61328,"action  adventure  animation nick bruno, troy quane robert l. baird, lloyd taylor, pamela ribon, marc haimes, nick bruno, troy quane, keith bunin, nate stevenson"
OMG 2,"Comedy, Drama",Amit Rai,Amit Rai,7.5,2023,156,47308,comedy  drama amit rai amit rai
Better Man,"Biography, Fantasy, Music",Michael Gracey,"Robbie Williams, Simon Gleeson, Oliver Cole, Michael Gracey",7.5,2024,135,44436,"biography  fantasy  music michael gracey robbie williams, simon gleeson, oliver cole, michael gracey"
Wallace & Gromit: Vengeance Most Fowl,"Adventure, Animation, Comedy","Merlin Crossingham, Nick Park","Mark Burton, Nick Park, Barunka O'Shaughnessy, Holly Walsh",7.5,2024,82,40944,"adventure  animation  comedy merlin crossingham, nick park mark burton, nick park, barunka o'shaughnessy, holly walsh"
One Life,"Biography, Drama, History",James Hawes,"Lucinda Coxon, Nick Drake, Barbara Winton",7.5,2023,109,39505,"biography  drama  history james hawes lucinda coxon, nick drake, barbara winton"
Rental Family,"Comedy, Drama",Hikari,"Hikari, Stephen Blahut",7.6,2025,109,38244,"comedy  drama hikari hikari, stephen blahut"
Sing Sing,Drama,Greg Kwedar,"John H. Richardson, Brent Buell, Clint Bentley, Greg Kwedar, Clarence Maclin, John Divine G Whitfield",7.6,2023,107,28805,"drama greg kwedar john h. richardson, brent buell, clint bentley, greg kwedar, clarence maclin, john divine g whitfield"
It Was Just an Accident,"Crime, Drama, Mystery",Jafar Panahi,"Jafar Panahi, Nader Saeivar, Shadmehr Rastin, Mehdi Mahmoudian",7.5,2025,103,25602,"crime  drama  mystery jafar panahi jafar panahi, nader saeivar, shadmehr rastin, mehdi mahmoudian"
Wicked,"Fantasy, Musical, Romance",Jon M. Chu,"Winnie Holzman, Dana Fox, Gregory Maguire, L. Frank Baum, Stephen Schwartz",7.3,2024,160,225808,"fantasy  musical  romance jon m. chu winnie holzman, dana fox, gregory maguire, l. frank baum, stephen schwartz"
Wake Up Dead Man,"Comedy, Crime, Drama",Rian Johnson,Rian Johnson,7.3,2025,144,216300,comedy  crime  drama rian johnson rian johnson
The Zone of Interest,"Drama, History, War",Jonathan Glazer,"Jonathan Glazer, Martin Amis",7.3,2023,105,164023,"drama  history  war jonathan glazer jonathan glazer, martin amis"
The Boy and the Heron,"Adventure, Animation, Drama",Hayao Miyazaki,Hayao Miyazaki,7.3,2023,124,124413,adventure  animation  drama hayao miyazaki hayao miyazaki
A Complete Unknown,"Biography, Drama, Music",James Mangold,"James Mangold, Jay Cocks, Elijah Wald",7.3,2024,141,114740,"biography  drama  music james mangold james mangold, jay cocks, elijah wald"
BlackBerry,"Biography, Comedy, Drama",Matt Johnson,"Jacquie McNish, Sean Silcoff, Matt Johnson, Matthew Miller",7.3,2023,187,67779,"biography  comedy  drama matt johnson jacquie mcnish, sean silcoff, matt johnson, matthew miller"
Nuremberg,"Biography, Drama, History",James Vanderbilt,"James Vanderbilt, Jack El-Hai",7.4,2025,148,66138,"biography  drama  history james vanderbilt james vanderbilt, jack el-hai"
28 Years Later: The Bone Temple,"Horror, Sci-Fi, Thriller",Nia DaCosta,Alex Garland,7.4,2026,109,62693,horror  sci-fi  thriller nia dacosta alex garland
The Life of Chuck,"Drama, Fantasy, Sci-Fi",Mike Flanagan,"Mike Flanagan, Stephen King",7.3,2024,111,62311,"drama  fantasy  sci-fi mike flanagan mike flanagan, stephen king"
Predator: Killer of Killers,"Action, Adventure, Animation","Dan Trachtenberg, Joshua Wassung","Micho Robert Rutare, Dan Trachtenberg, Jim Thomas, John Thomas",7.4,2025,85,58547,"action  adventure  animation dan trachtenberg, joshua wassung micho robert rutare, dan trachtenberg, jim thomas, john thomas"
Kill,"Action, Crime, Drama",Nikhil Nagesh Bhat,"Nikhil Nagesh Bhat, Ayesha Syed",7.4,2023,105,46003,"action  crime  drama nikhil nagesh bhat nikhil nagesh bhat, ayesha syed"
Chhaava,"Action, Drama, History",Laxman Utekar,"Laxman Utekar, Rishi Virmani, Kaustubh Savarkar, Unman Bankar, Omkar Mahajan, Shivaji Sawant",7.3,2025,161,42707,"action  drama  history laxman utekar laxman utekar, rishi virmani, kaustubh savarkar, unman bankar, omkar mahajan, shivaji sawant"
"Are You There God? It's Me, Margaret.","Comedy, Drama, Family",Kelly Fremon Craig,"Kelly Fremon Craig, Judy Blume",7.3,2023,106,37563,"comedy  drama  family kelly fremon craig kelly fremon craig, judy blume"
Fallen Leaves,"Comedy, Drama, Romance",Aki Kaurismäki,Aki Kaurismäki,7.3,2023,81,36089,comedy  drama  romance aki kaurismäki aki kaurismäki
The Secret Agent,"Crime, Drama, Mystery",Kleber Mendonça Filho,Kleber Mendonça Filho,7.3,2025,161,35884,crime  drama  mystery kleber mendonça filho kleber mendonça filho
Kho Gaye Hum Kahan,"Comedy, Drama, Romance",Arjun Varain Singh,"Zoya Akhtar, Arjun Varain Singh, Reema Kagti, Yash Sahai",7.3,2023,135,31648,"comedy  drama  romance arjun varain singh zoya akhtar, arjun varain singh, reema kagti, yash sahai"
The Teachers' Lounge,Drama,Ilker Çatak,"Johannes Duncker, Ilker Çatak",7.4,2023,98,29720,"drama ilker çatak johannes duncker, ilker çatak"
A Million Miles Away,"Biography, Drama",Alejandra Márquez Abella,"Bettina Gilois, Hernán Jiménez, Alejandra Márquez Abella, Jose Hernandez",7.3,2023,121,25968,"biography  drama alejandra márquez abella bettina gilois, hernán jiménez, alejandra márquez abella, jose hernandez"
The Substance,"Drama, Horror, Sci-Fi",Coralie Fargeat,Coralie Fargeat,7.2,2024,141,408465,drama  horror  sci-fi coralie fargeat coralie fargeat
Dungeons & Dragons: Honor Among Thieves,"Action, Adventure, Comedy","John Francis Daley, Jonathan Goldstein","Jonathan Goldstein, John Francis Daley, Michael Gilio, Chris McKay",7.2,2023,134,271666,"action  adventure  comedy john francis daley, jonathan goldstein jonathan goldstein, john francis daley, michael gilio, chris mckay"
Mission: Impossible - The Final Reckoning,"Action, Adventure, Thriller",Christopher McQuarrie,"Bruce Geller, Christopher McQuarrie, Erik Jendresen",7.2,2025,169,220010,"action  adventure  thriller christopher mcquarrie bruce geller, christopher mcquarrie, erik jendresen"
The Little Mermaid,"Adventure, Family, Fantasy",Rob Marshall,"David Magee, Hans Christian Andersen, John Musker, Ron Clements",7.2,2023,135,177626,"adventure  family  fantasy rob marshall david magee, hans christian andersen, john musker, ron clements"
The Brutalist,Drama,Brady Corbet,"Brady Corbet, Mona Fastvold",7.2,2024,216,134313,"drama brady corbet brady corbet, mona fastvold"
Predator: Badlands,"Action, Adventure, Sci-Fi",Dan Trachtenberg,"Patrick Aison, Dan Trachtenberg, Jim Thomas, John Thomas",7.2,2025,107,126217,"action  adventure  sci-fi dan trachtenberg patrick aison, dan trachtenberg, jim thomas, john thomas"
Teenage Mutant Ninja Turtles: Mutant Mayhem,"Action, Adventure, Animation","Jeff Rowe, Kyler Spears","Seth Rogen, Evan Goldberg, Jeff Rowe, Dan Hernandez, Benji Samit, Brendan O'Brien, Peter Laird, Kevin Eastman",7.2,2023,99,77461,"action  adventure  animation jeff rowe, kyler spears seth rogen, evan goldberg, jeff rowe, dan hernandez, benji samit, brendan o'brien, peter laird, kevin eastman"
Leo,"Action, Crime, Drama",Lokesh Kanagaraj,"Lokesh Kanagaraj, Rathna Kumar, Deeraj Vaidy",7.2,2023,164,73414,"action  crime  drama lokesh kanagaraj lokesh kanagaraj, rathna kumar, deeraj vaidy"
Chor Nikal Ke Bhaga,"Crime, Drama, Thriller",Ajay Singh,"Siraj Ahmed, Raj Kumar Gupta, Amar Kaushik, Trishant Srivastava",7.2,2023,110,56278,"crime  drama  thriller ajay singh siraj ahmed, raj kumar gupta, amar kaushik, trishant srivastava"
Jailer,"Action, Comedy, Crime",Nelson Dilipkumar,"Manish Bhawan, Nelson Dilipkumar",7.2,2023,168,45590,"action  comedy  crime nelson dilipkumar manish bhawan, nelson dilipkumar"
Send Help,"Adventure, Horror, Thriller",Sam Raimi,"Damian Shannon, Mark Swift",7.2,2026,113,33082,"adventure  horror  thriller sam raimi damian shannon, mark swift"
A Good Person,Drama,Zach Braff,Zach Braff,7.1,2023,128,28772,drama zach braff zach braff
Sector 36,"Crime, Drama, Thriller",Aditya Nimbalkar,Bodhayan Roychaudhury,7.1,2024,123,26806,crime  drama  thriller aditya nimbalkar bodhayan roychaudhury
The Vaccine War,"Drama, Thriller",Vivek Agnihotri,"Vivek Agnihotri, Vikramjeet Singh",7.1,2023,161,25351,"drama  thriller vivek agnihotri vivek agnihotri, vikramjeet singh"
Alien: Romulus,"Horror, Sci-Fi, Thriller",Fede Alvarez,"Dan O'Bannon, Ronald Shusett, Fede Alvarez, Rodo Sayagues",7.1,2024,119,282608,"horror  sci-fi  thriller fede alvarez dan o'bannon, ronald shusett, fede alvarez, rodo sayagues"
Thunderbolts*,"Action, Adventure, Crime",Jake Schreier,"Eric Pearson, Joanna Calo, Kurt Busiek, Mark Bagley, Stan Lee, Jack Kirby, Joe Simon, Paul Jenkins, Jae Lee",7.1,2025,127,267662,"action  adventure  crime jake schreier eric pearson, joanna calo, kurt busiek, mark bagley, stan lee, jack kirby, joe simon, paul jenkins, jae lee"
Nosferatu,"Fantasy, Horror, Mystery",Robert Eggers,"Robert Eggers, Henrik Galeen, Bram Stoker",7.1,2024,132,261280,"fantasy  horror  mystery robert eggers robert eggers, henrik galeen, bram stoker"
Gran Turismo,"Action, Adventure, Drama",Neill Blomkamp,"Jason Hall, Zach Baylin, Alex Tse",7.1,2023,134,133434,"action  adventure  drama neill blomkamp jason hall, zach baylin, alex tse"
Bring Her Back,"Horror, Mystery","Danny Philippou, Michael Philippou","Danny Philippou, Bill Hinzman",7.1,2025,104,116698,"horror  mystery danny philippou, michael philippou danny philippou, bill hinzman"
Warfare,"Action, Drama, War","Alex Garland, Ray Mendoza","Ray Mendoza, Alex Garland",7.1,2025,95,106398,"action  drama  war alex garland, ray mendoza ray mendoza, alex garland"
Kalki 2898 AD,"Action, Adventure, Sci-Fi",Nag Ashwin,Nag Ashwin,7.0,2024,180,75223,action  adventure  sci-fi nag ashwin nag ashwin
The Apprentice,"Biography, Drama, History",Ali Abbasi,Gabriel Sherman,7.1,2024,122,71851,biography  drama  history ali abbasi gabriel sherman
Missing,"Drama, Mystery, Thriller","Nicholas D. Johnson, Will Merrick","Will Merrick, Nicholas D. Johnson, Sev Ohanian, Aneesh Chaganty",7.1,2023,111,71200,"drama  mystery  thriller nicholas d. johnson, will merrick will merrick, nicholas d. johnson, sev ohanian, aneesh chaganty"
We Live in Time,"Drama, Romance",John Crowley,Nick Payne,7.0,2024,108,70734,drama  romance john crowley nick payne
Strange Darling,"Horror, Thriller",JT Mollner,JT Mollner,7.0,2023,97,67587,horror  thriller jt mollner jt mollner
"Red, White & Royal Blue","Comedy, Romance",Matthew López,"Casey McQuiston, Matthew López, Ted Malawer",7.0,2023,118,64159,"comedy  romance matthew lópez casey mcquiston, matthew lópez, ted malawer"
Roofman,"Biography, Crime, Drama",Derek Cianfrance,"Derek Cianfrance, Kirt Gunn",7.0,2025,126,61616,"biography  crime  drama derek cianfrance derek cianfrance, kirt gunn"
The Goat Life,"Adventure, Drama",Blessy,"Benyamin, Blessy",7.1,2024,173,49928,"adventure  drama blessy benyamin, blessy"
Leo,"Adventure, Animation, Comedy","Robert Marianetti, Robert Smigel, David Wachtenheim","Robert Smigel, Adam Sandler, Paul Sado",7.0,2023,102,45422,"adventure  animation  comedy robert marianetti, robert smigel, david wachtenheim robert smigel, adam sandler, paul sado"
Nyad,"Biography, Drama, History","Jimmy Chin, Elizabeth Chai Vasarhelyi","Julia Cox, Diana Nyad",7.1,2023,121,44532,"biography  drama  history jimmy chin, elizabeth chai vasarhelyi julia cox, diana nyad"
Wicked Little Letters,"Biography, Comedy, Crime",Thea Sharrock,Jonny Sweet,7.0,2023,100,43709,biography  comedy  crime thea sharrock jonny sweet
The Burial,"Drama, History",Maggie Betts,"Doug Wright, Maggie Betts, Jonathan Harr",7.1,2023,126,42520,"drama  history maggie betts doug wright, maggie betts, jonathan harr"
Madgaon Express,"Comedy, Drama",Kunal Kemmu,Kunal Kemmu,7.0,2024,143,42509,comedy  drama kunal kemmu kunal kemmu
The Ugly Stepsister,"Comedy, Drama, Horror",Emilie Blichfeldt,Emilie Blichfeldt,7.0,2025,109,40462,comedy  drama  horror emilie blichfeldt emilie blichfeldt
Arthur the King,"Adventure, Drama, Sport",Simon Cellan Jones,"Michael Brandt, Mikael Lindnord",7.0,2024,107,38318,"adventure  drama  sport simon cellan jones michael brandt, mikael lindnord"
September 5,"Drama, History, Thriller",Tim Fehlbaum,"Moritz Binder, Tim Fehlbaum, Alex David",7.1,2024,95,35646,"drama  history  thriller tim fehlbaum moritz binder, tim fehlbaum, alex david"
Relay,"Action, Drama, Thriller",David Mackenzie,Justin Piasecki,7.0,2024,112,31567,action  drama  thriller david mackenzie justin piasecki
Knox Goes Away,"Crime, Thriller",Michael Keaton,Gregory Poirier,7.0,2023,114,30003,crime  thriller michael keaton gregory poirier
The Boys in the Boat,"Biography, Drama, History",George Clooney,"Daniel James Brown, Mark L. Smith",7.0,2023,123,29724,"biography  drama  history george clooney daniel james brown, mark l. smith"
Thelma,"Action, Comedy",Josh Margolin,Josh Margolin,7.0,2024,98,27478,action  comedy josh margolin josh margolin
The Bad Guys 2,"Action, Adventure, Animation","JP Sans, Pierre Perifel","Yoni Brenner, Etan Cohen, Aaron Blabey",7.0,2025,104,25402,"action  adventure  animation jp sans, pierre perifel yoni brenner, etan cohen, aaron blabey"
Superman,"Action, Adventure, Sci-Fi",James Gunn,"James Gunn, Jerry Siegel, Joe Shuster",7.0,2025,129,393747,"action  adventure  sci-fi james gunn james gunn, jerry siegel, joe shuster"
The Super Mario Bros. Movie,"Adventure, Animation, Comedy","Aaron Horvath, Michael Jelenic, Pierre Leduc, Fabien Polack",Matthew Fogel,7.0,2023,92,284530,"adventure  animation  comedy aaron horvath, michael jelenic, pierre leduc, fabien polack matthew fogel"
Civil War,"Action, Thriller, War",Alex Garland,Alex Garland,7.0,2024,109,264558,action  thriller  war alex garland alex garland
Saltburn,"Drama, Thriller",Emerald Fennell,Emerald Fennell,7.0,2023,131,262164,drama  thriller emerald fennell emerald fennell
Heretic,"Horror, Thriller","Scott Beck, Bryan Woods","Scott Beck, Bryan Woods",7.0,2024,111,219605,"horror  thriller scott beck, bryan woods scott beck, bryan woods"
Challengers,"Comedy, Drama, Romance",Luca Guadagnino,Justin Kuritzkes,7.0,2024,131,175506,comedy  drama  romance luca guadagnino justin kuritzkes
Extraction II,"Action, Crime, Thriller",Sam Hargrave,"Joe Russo, Ande Parks, Anthony Russo",7.0,2023,122,171419,"action  crime  thriller sam hargrave joe russo, ande parks, anthony russo"
Elemental,"Adventure, Animation, Comedy",Peter Sohn,"John Hoberg, Kat Likkel, Brenda Hsueh, Peter Sohn",7.0,2023,101,162056,"adventure  animation  comedy peter sohn john hoberg, kat likkel, brenda hsueh, peter sohn"
Late Night with the Devil,Horror,"Cameron Cairnes, Colin Cairnes","Colin Cairnes, Cameron Cairnes",7.0,2023,93,144578,"horror cameron cairnes, colin cairnes colin cairnes, cameron cairnes"
A Real Pain,"Comedy, Drama",Jesse Eisenberg,Jesse Eisenberg,7.0,2024,90,138862,comedy  drama jesse eisenberg jesse eisenberg
Juror #2,"Crime, Drama, Mystery",Clint Eastwood,Jonathan A. Abrams,7.0,2024,114,122867,crime  drama  mystery clint eastwood jonathan a. abrams
Jawan,"Action, Crime, Drama",Atlee,"Atlee, Ramanagirivasan, Sumit Arora",6.9,2023,169,110262,"action  crime  drama atlee atlee, ramanagirivasan, sumit arora"
Sonic the Hedgehog 3,"Action, Adventure, Comedy",Jeff Fowler,"Pat Casey, Josh Miller, John Whittington",6.9,2024,110,77953,"action  adventure  comedy jeff fowler pat casey, josh miller, john whittington"
Caught Stealing,"Action, Comedy, Crime",Darren Aronofsky,Charlie Huston,6.9,2025,107,73163,action  comedy  crime darren aronofsky charlie huston
When Evil Lurks,Horror,Demián Rugna,Demián Rugna,6.9,2023,99,60075,horror demián rugna demián rugna
Eternity,"Comedy, Drama, Fantasy",David Freyne,"Patrick Cunnane, David Freyne",6.9,2025,114,47895,"comedy  drama  fantasy david freyne patrick cunnane, david freyne"
My Old Ass,"Comedy, Drama, Romance",Megan Park,Megan Park,6.9,2024,89,46656,comedy  drama  romance megan park megan park
Stree 2: Sarkate Ka Aatank,"Comedy, Horror",Amar Kaushik,"Niren Bhatt, Krishna D.K., Raj Nidimoru",6.9,2024,147,46193,"comedy  horror amar kaushik niren bhatt, krishna d.k., raj nidimoru"
Mission Majnu,"Action, Drama, History",Shantanu Bagchi,"Parveez Shaikh, Aseem Arrora, Sumit Batheja",6.9,2023,129,45543,"action  drama  history shantanu bagchi parveez shaikh, aseem arrora, sumit batheja"
The Last Kingdom: Seven Kings Must Die,"Action, Drama, History",Edward Bazalgette,"Martha Hillier, Bernard Cornwell",6.9,2023,117,43133,"action  drama  history edward bazalgette martha hillier, bernard cornwell"
Love at First Sight,"Drama, Romance",Vanessa Caswill,"Katie Lovejoy, Jennifer E. Smith",6.8,2023,91,42242,"drama  romance vanessa caswill katie lovejoy, jennifer e. smith"
Vettaiyan,"Action, Crime, Drama",T.J. Gnanavel,T.J. Gnanavel,6.9,2024,163,41133,action  crime  drama t.j. gnanavel t.j. gnanavel
The Life List,"Comedy, Drama, Romance",Adam Brooks,"Adam Brooks, Lori Nelson Spielman",6.8,2025,123,39267,"comedy  drama  romance adam brooks adam brooks, lori nelson spielman"
Saturday Night,"Biography, Comedy, Drama",Jason Reitman,"Gil Kenan, Jason Reitman",6.9,2024,109,38172,"biography  comedy  drama jason reitman gil kenan, jason reitman"
A Different Man,"Drama, Thriller",Aaron Schimberg,Aaron Schimberg,6.9,2024,112,37098,drama  thriller aaron schimberg aaron schimberg
Champions,"Comedy, Drama, Sport",Bobby Farrelly,"Mark Rizzo, Javier Fesser, David Marqués",6.8,2023,124,36205,"comedy  drama  sport bobby farrelly mark rizzo, javier fesser, david marqués"
Lee,"Biography, Drama, History",Ellen Kuras,"Liz Hannah, Marion Hume, John Collee, Lem Dobbs, Anthony Penrose",6.9,2023,117,33781,"biography  drama  history ellen kuras liz hannah, marion hume, john collee, lem dobbs, anthony penrose"
Sitaare Zameen Par,"Comedy, Drama, Sport",R.S. Prasanna,"Javier Fesser, David Marqués, Divy Nidhi Sharma",6.9,2025,155,33219,"comedy  drama  sport r.s. prasanna javier fesser, david marqués, divy nidhi sharma"
Surongo,"Crime, Drama, Mystery",Raihan Rafi,"Nazim Ud Daula, Stylox Vai",6.9,2023,150,30586,"crime  drama  mystery raihan rafi nazim ud daula, stylox vai"
Merry Christmas,"Drama, Mystery, Thriller",Sriram Raghavan,"Frédéric Dard, Sriram Raghavan, Arijit Biswas, Anukriti Pandey, Pooja Ladha Surti, Vikramjeet Singh",6.9,2024,144,30482,"drama  mystery  thriller sriram raghavan frédéric dard, sriram raghavan, arijit biswas, anukriti pandey, pooja ladha surti, vikramjeet singh"
Exhuma,"Horror, Mystery",Jang Jae-hyun,Jang Jae-hyun,6.9,2024,134,28293,horror  mystery jang jae-hyun jang jae-hyun
The Room Next Door,Drama,Pedro Almodóvar,"Pedro Almodóvar, Sigrid Nunez",6.8,2024,107,27167,"drama pedro almodóvar pedro almodóvar, sigrid nunez"
Sisu: Road to Revenge,"Action, War",Jalmari Helander,Jalmari Helander,6.8,2025,89,26410,action  war jalmari helander jalmari helander
Wonka,"Adventure, Comedy, Family",Paul King,"Roald Dahl, Paul King, Simon Farnaby",6.9,2023,116,191298,"adventure  comedy  family paul king roald dahl, paul king, simon farnaby"
Companion,"Sci-Fi, Thriller",Drew Hancock,Drew Hancock,6.9,2025,97,169679,sci-fi  thriller drew hancock drew hancock
Kingdom of the Planet of the Apes,"Action, Adventure, Drama",Wes Ball,"Josh Friedman, Rick Jaffa, Amanda Silver",6.8,2024,145,166876,"action  adventure  drama wes ball josh friedman, rick jaffa, amanda silver"
The Equalizer 3,"Action, Crime, Thriller",Antoine Fuqua,"Richard Wenk, Michael Sloan, Richard Lindheim",6.8,2023,109,159309,"action  crime  thriller antoine fuqua richard wenk, michael sloan, richard lindheim"
The Ministry of Ungentlemanly Warfare,"Action, Comedy, War",Guy Ritchie,"Paul Tamasy, Eric Johnson, Arash Amel, Guy Ritchie, Damien Lewis",6.8,2024,122,154690,"action  comedy  war guy ritchie paul tamasy, eric johnson, arash amel, guy ritchie, damien lewis"
Ballerina,"Action, Thriller",Len Wiseman,"Shay Hatten, Derek Kolstad",6.8,2025,124,141379,"action  thriller len wiseman shay hatten, derek kolstad"
Speak No Evil,"Drama, Horror, Thriller",James Watkins,"James Watkins, Christian Tafdrup, Mads Tafdrup",6.8,2024,110,130062,"drama  horror  thriller james watkins james watkins, christian tafdrup, mads tafdrup"
Hit Man,"Comedy, Crime, Romance",Richard Linklater,"Richard Linklater, Glen Powell, Skip Hollandsworth",6.8,2023,115,128715,"comedy  crime  romance richard linklater richard linklater, glen powell, skip hollandsworth"
The Rip,"Action, Crime, Drama",Joe Carnahan,"Joe Carnahan, Michael McGrale",6.8,2026,113,110387,"action  crime  drama joe carnahan joe carnahan, michael mcgrale"
Reptile,"Crime, Drama, Mystery",Grant Singer,"Grant Singer, Benjamin Brewer, Benicio Del Toro",6.8,2023,134,108646,"crime  drama  mystery grant singer grant singer, benjamin brewer, benicio del toro"
The Housemaid,"Drama, Mystery, Thriller",Paul Feig,"Rebecca Sonnenshine, Freida McFadden",6.8,2025,131,105377,"drama  mystery  thriller paul feig rebecca sonnenshine, freida mcfadden"
Rebel Ridge,"Action, Crime, Drama",Jeremy Saulnier,Jeremy Saulnier,6.8,2024,131,101191,action  crime  drama jeremy saulnier jeremy saulnier
Monkey Man,"Action, Crime, Thriller",Dev Patel,"Dev Patel, Paul Angunawela, John Collee",6.8,2024,121,99108,"action  crime  thriller dev patel dev patel, paul angunawela, john collee"
Dream Scenario,"Comedy, Drama, Fantasy",Kristoffer Borgli,Kristoffer Borgli,6.8,2023,102,92589,comedy  drama  fantasy kristoffer borgli kristoffer borgli
Dumb Money,"Biography, Comedy, Drama",Craig Gillespie,"Lauren Schuker Blum, Rebecca Angelo, Ben Mezrich",6.8,2023,105,62196,"biography  comedy  drama craig gillespie lauren schuker blum, rebecca angelo, ben mezrich"
The Order,"Crime, Drama, Thriller",Justin Kurzel,"Zach Baylin, Kevin Flynn, Gary Gerhardt",6.8,2024,116,60506,"crime  drama  thriller justin kurzel zach baylin, kevin flynn, gary gerhardt"
Wicked: For Good,"Drama, Family, Fantasy",Jon M. Chu,"Winnie Holzman, Dana Fox, Stephen Schwartz, Gregory Maguire, L. Frank Baum",6.7,2025,137,59523,"drama  family  fantasy jon m. chu winnie holzman, dana fox, stephen schwartz, gregory maguire, l. frank baum"
Bottoms,Comedy,Emma Seligman,"Emma Seligman, Rachel Sennott",6.7,2023,91,57211,"comedy emma seligman emma seligman, rachel sennott"
Oddity,"Horror, Thriller",Damian Mc Carthy,Damian Mc Carthy,6.7,2024,98,55924,horror  thriller damian mc carthy damian mc carthy
Caddo Lake,"Drama, Mystery, Sci-Fi","Logan George, Celine Held","Celine Held, Logan George",6.8,2024,103,53433,"drama  mystery  sci-fi logan george, celine held celine held, logan george"
The Lost Bus,"Biography, Drama, History",Paul Greengrass,"Brad Ingelsby, Paul Greengrass, Lizzie Johnson",6.8,2025,130,48767,"biography  drama  history paul greengrass brad ingelsby, paul greengrass, lizzie johnson"
They Cloned Tyrone,"Comedy, Mystery, Sci-Fi",Juel Taylor,"Tony Rettenmaier, Juel Taylor",6.7,2023,122,47440,"comedy  mystery  sci-fi juel taylor tony rettenmaier, juel taylor"
Nonnas,Comedy,Stephen Chbosky,"Liz Maccie, Jody Scaravella",6.8,2025,111,45532,"comedy stephen chbosky liz maccie, jody scaravella"
Deep Cover,"Action, Comedy, Crime",Tom Kingsley,"Derek Connolly, Colin Trevorrow, Ben Ashenden, Alexander Owen",6.7,2025,100,43518,"action  comedy  crime tom kingsley derek connolly, colin trevorrow, ben ashenden, alexander owen"
Sharper,"Crime, Drama, Thriller",Benjamin Caron,"Brian Gatewood, Alessandro Tanaka",6.7,2023,116,38420,"crime  drama  thriller benjamin caron brian gatewood, alessandro tanaka"
Small Things Like These,"Drama, History",Tim Mielants,"Enda Walsh, Claire Keegan",6.7,2024,98,36132,"drama  history tim mielants enda walsh, claire keegan"
Last Breath,"Drama, Thriller",Alex Parkinson,"Mitchell LaFortune, Alex Parkinson, David Brooks",6.6,2025,93,36067,"drama  thriller alex parkinson mitchell lafortune, alex parkinson, david brooks"
Raid 2,"Crime, Drama, Thriller",Raj Kumar Gupta,"Raj Kumar Gupta, Ritesh Shah, Karan Vyas, Jaideep Yadav",6.6,2025,145,35641,"crime  drama  thriller raj kumar gupta raj kumar gupta, ritesh shah, karan vyas, jaideep yadav"
Paddington in Peru,"Adventure, Comedy, Family",Dougal Wilson,"Michael Bond, Paul King, Simon Farnaby, Mark Burton, Jon Foster, James Lamont",6.6,2024,106,34110,"adventure  comedy  family dougal wilson michael bond, paul king, simon farnaby, mark burton, jon foster, james lamont"
Satyaprem Ki Katha,"Comedy, Drama, Musical","Sameer Vidwans, Sunil Kumar",Karan Shrikant Sharma,6.6,2023,146,31669,"comedy  drama  musical sameer vidwans, sunil kumar karan shrikant sharma"
The Six Triple Eight,"Drama, History, War",Tyler Perry,"Kevin Hymel, Tyler Perry",6.7,2024,127,31417,"drama  history  war tyler perry kevin hymel, tyler perry"
Deva,"Action, Crime, Drama",Rosshan Andrrews,"Sumit Arora, Bobby, Abbas Dalal, Hussain Dalal, Sanjay, Arshad Syed",6.6,2025,156,29752,"action  crime  drama rosshan andrrews sumit arora, bobby, abbas dalal, hussain dalal, sanjay, arshad syed"
Reality,Drama,Tina Satter,"Tina Satter, James Paul Dallas",6.7,2023,83,29651,"drama tina satter tina satter, james paul dallas"
If I Had Legs I'd Kick You,"Drama, Thriller",Mary Bronstein,Mary Bronstein,6.6,2025,113,27555,drama  thriller mary bronstein mary bronstein
The Three Musketeers - Part I: D'Artagnan,"Action, Adventure, History",Martin Bourboulon,"Matthieu Delaporte, Alexandre de La Patellière, Alexandre Dumas",6.7,2023,121,26578,"action  adventure  history martin bourboulon matthieu delaporte, alexandre de la patellière, alexandre dumas"
Marco,"Action, Crime, Thriller",Haneef Adeni,Haneef Adeni,6.6,2024,145,25462,action  crime  thriller haneef adeni haneef adeni
Barbie,"Adventure, Comedy, Fantasy",Greta Gerwig,"Greta Gerwig, Noah Baumbach",6.8,2023,114,661841,"adventure  comedy  fantasy greta gerwig greta gerwig, noah baumbach"
The Fall Guy,"Action, Comedy, Drama",David Leitch,"Glen A. Larson, Drew Pearce",6.8,2024,126,253563,"action  comedy  drama david leitch glen a. larson, drew pearce"
The Fantastic Four: First Steps,"Action, Adventure, Sci-Fi",Matt Shakman,"Josh Friedman, Eric Pearson, Jeff Kaplan, Ian Springer, Kat Wood, Stan Lee, Jack Kirby",6.8,2025,115,250450,"action  adventure  sci-fi matt shakman josh friedman, eric pearson, jeff kaplan, ian springer, kat wood, stan lee, jack kirby"
The Killer,"Action, Adventure, Crime",David Fincher,"Alexis Nolent, Luc Jacamon, Andrew Kevin Walker",6.7,2023,118,221427,"action  adventure  crime david fincher alexis nolent, luc jacamon, andrew kevin walker"
The Creator,"Action, Adventure, Drama",Gareth Edwards,"Gareth Edwards, Chris Weitz",6.7,2023,133,194727,"action  adventure  drama gareth edwards gareth edwards, chris weitz"
The Gorge,"Action, Adventure, Horror",Scott Derrickson,Zach Dean,6.7,2025,127,165127,action  adventure  horror scott derrickson zach dean
Final Destination: Bloodlines,"Horror, Thriller","Zach Lipovsky, Adam B. Stein","Guy Busick, Lori Evans Taylor, Jon Watts, Jeffrey Reddick",6.7,2025,110,155720,"horror  thriller zach lipovsky, adam b. stein guy busick, lori evans taylor, jon watts, jeffrey reddick"
Smile 2,"Horror, Mystery, Thriller",Parker Finn,Parker Finn,6.7,2024,127,136979,horror  mystery  thriller parker finn parker finn
Creed III,"Action, Drama, Sport",Michael B. Jordan,"Keenan Coogler, Zach Baylin, Ryan Coogler, Sylvester Stallone",6.7,2023,116,106168,"action  drama  sport michael b. jordan keenan coogler, zach baylin, ryan coogler, sylvester stallone"
The Long Walk,"Horror, Thriller",Francis Lawrence,"JT Mollner, Stephen King",6.7,2025,108,102646,"horror  thriller francis lawrence jt mollner, stephen king"
Lilo & Stitch,"Action, Adventure, Comedy",Dean Fleischer Camp,"Chris Kekaniokalani Bright, Mike Van Waes, Chris Sanders, Dean DeBlois",6.7,2025,108,92091,"action  adventure  comedy dean fleischer camp chris kekaniokalani bright, mike van waes, chris sanders, dean deblois"
Black Bag,"Drama, Mystery, Romance",Steven Soderbergh,David Koepp,6.7,2025,93,90640,drama  mystery  romance steven soderbergh david koepp
The Kerala Story,Drama,"Sudipto Sen, Vipul Amrutlal Shah","Suryapal Singh, Sudipto Sen, Vipul Amrutlal Shah",6.7,2023,138,78917,"drama sudipto sen, vipul amrutlal shah suryapal singh, sudipto sen, vipul amrutlal shah"
Salaar,"Action, Crime, Drama",Prashanth Neel,"Sandeep Reddy Bandla, Manish Bhawan, Choudary Hanuman, Riya Mukherjee, Prashanth Neel, D.R. Suri",6.7,2023,175,78351,"action  crime  drama prashanth neel sandeep reddy bandla, manish bhawan, choudary hanuman, riya mukherjee, prashanth neel, d.r. suri"
The Bikeriders,"Crime, Drama",Jeff Nichols,"Jeff Nichols, Danny Lyon",6.6,2023,116,76476,"crime  drama jeff nichols jeff nichols, danny lyon"
Woman of the Hour,"Crime, Drama, Mystery",Anna Kendrick,Ian McDonald,6.6,2023,95,73320,crime  drama  mystery anna kendrick ian mcdonald
May December,"Comedy, Drama",Todd Haynes,"Samy Burch, Alex Mechanik",6.7,2023,117,72425,"comedy  drama todd haynes samy burch, alex mechanik"
Together,"Horror, Romance",Michael Shanks,Michael Shanks,6.7,2025,102,71714,horror  romance michael shanks michael shanks
The Phoenician Scheme,"Action, Comedy, Crime",Wes Anderson,"Wes Anderson, Roman Coppola",6.6,2025,101,65117,"action  comedy  crime wes anderson wes anderson, roman coppola"
Love Lies Bleeding,"Crime, Drama, Mystery",Rose Glass,"Rose Glass, Weronika Tofilska",6.6,2024,104,63240,"crime  drama  mystery rose glass rose glass, weronika tofilska"
Fly Me to the Moon,"Comedy, Romance",Greg Berlanti,"Keenan Flynn, Bill Kirstein, Rose Gilroy",6.6,2024,132,57691,"comedy  romance greg berlanti keenan flynn, bill kirstein, rose gilroy"
Land of Bad,"Action, Thriller",William Eubank,"David Frigerio, William Eubank",6.6,2024,113,57655,"action  thriller william eubank david frigerio, william eubank"
To Catch a Killer,"Action, Crime, Drama",Damián Szifron,"Damián Szifron, Jonathan Wakeham",6.6,2023,119,56336,"action  crime  drama damián szifron damián szifron, jonathan wakeham"
Pain Hustlers,"Crime, Drama",David Yates,"Wells Tower, Evan Hughes",6.6,2023,123,54673,"crime  drama david yates wells tower, evan hughes"
Eddington,"Comedy, Drama, Western",Ari Aster,Ari Aster,6.6,2025,148,54051,comedy  drama  western ari aster ari aster
The Roses,Comedy,Jay Roach,"Warren Adler, Tony McNamara",6.6,2025,105,52880,"comedy jay roach warren adler, tony mcnamara"
It's What's Inside,"Comedy, Mystery, Sci-Fi",Greg Jardin,Greg Jardin,6.6,2024,103,50446,comedy  mystery  sci-fi greg jardin greg jardin
Migration,"Adventure, Animation, Comedy",Benjamin Renner,"Mike White, Benjamin Renner, Ken Daurio, Greg Kalleres",6.6,2023,83,46064,"adventure  animation  comedy benjamin renner mike white, benjamin renner, ken daurio, greg kalleres"
Horizon: An American Saga - Chapter 1,"Drama, Western",Kevin Costner,"Jon Baird, Kevin Costner, Mark Kasdan",6.6,2024,181,44685,"drama  western kevin costner jon baird, kevin costner, mark kasdan"
Eden,"Adventure, Drama, History",Ron Howard,"Noah Pink, Ron Howard",6.5,2024,129,41187,"adventure  drama  history ron howard noah pink, ron howard"
Elio,"Adventure, Animation, Comedy","Adrian Molina, Madeline Sharafian, Domee Shi","Julia Cho, Mark Hammer, Mike Jones, Adrian Molina, Madeline Sharafian, Domee Shi, Jesse Andrews, Hannah Friedman",6.6,2025,98,40982,"adventure  animation  comedy adrian molina, madeline sharafian, domee shi julia cho, mark hammer, mike jones, adrian molina, madeline sharafian, domee shi, jesse andrews, hannah friedman"
Boston Strangler,"Crime, Drama, History",Matt Ruskin,Matt Ruskin,6.5,2023,112,40793,crime  drama  history matt ruskin matt ruskin
Jolly LLB 3,"Comedy, Drama",Subhash Kapoor,"Subhash Kapoor, Nandan Singh",6.5,2025,157,40023,"comedy  drama subhash kapoor subhash kapoor, nandan singh"
Friendship,Comedy,Andrew DeYoung,Andrew DeYoung,6.6,2024,100,38312,comedy andrew deyoung andrew deyoung
Jay Kelly,"Comedy, Drama",Noah Baumbach,"Noah Baumbach, Emily Mortimer",6.5,2025,132,37100,"comedy  drama noah baumbach noah baumbach, emily mortimer"
People We Meet on Vacation,Romance,Brett Haley,"Yulin Kuang, Amos Vernon, Nunzio Randazzo, Emily Henry",6.6,2026,117,37030,"romance brett haley yulin kuang, amos vernon, nunzio randazzo, emily henry"
Good Fortune,"Comedy, Fantasy, Romance",Aziz Ansari,Aziz Ansari,6.5,2025,97,36627,comedy  fantasy  romance aziz ansari aziz ansari
Bridget Jones: Mad About the Boy,"Comedy, Drama, Romance",Michael Morris,"Helen Fielding, Dan Mazer, Abi Morgan",6.5,2025,124,33584,"comedy  drama  romance michael morris helen fielding, dan mazer, abi morgan"
Dangerous Animals,"Horror, Thriller",Sean Byrne,Nick Lepard,6.4,2025,98,32051,horror  thriller sean byrne nick lepard
Next Goal Wins,"Comedy, Drama, Sport",Taika Waititi,"Taika Waititi, Iain Morris",6.5,2023,104,30924,"comedy  drama  sport taika waititi taika waititi, iain morris"
In the Land of Saints and Sinners,"Action, Crime, Drama",Robert Lorenz,"Mark Michael McNally, Terry Loane",6.4,2023,106,30636,"action  crime  drama robert lorenz mark michael mcnally, terry loane"
Straw,"Drama, Thriller",Tyler Perry,Tyler Perry,6.5,2025,105,30502,drama  thriller tyler perry tyler perry
Joy Ride,Comedy,Adele Lim,"Cherry Chevapravatdumrong, Teresa Hsiao, Adele Lim",6.4,2023,95,30415,"comedy adele lim cherry chevapravatdumrong, teresa hsiao, adele lim"
Khel Khel Mein,"Comedy, Drama",Mudassar Aziz,"Mudassar Aziz, Filippo Bologna, Paolo Costella, Paolo Genovese, Paola Mammini, Rolando Ravello",6.5,2024,135,28336,"comedy  drama mudassar aziz mudassar aziz, filippo bologna, paolo costella, paolo genovese, paola mammini, rolando ravello"
The Sabarmati Report,"Crime, Drama, Thriller",Dheeraj Sarna,"Arjun Bhandegaonkar, Avinash Singh Tomar",6.4,2024,127,25521,"crime  drama  thriller dheeraj sarna arjun bhandegaonkar, avinash singh tomar"
Fight or Flight,"Action, Comedy",James Madigan,"Brooks McLaren, D.J. Cotrona",6.4,2024,102,25375,"action  comedy james madigan brooks mclaren, d.j. cotrona"
Paradise,"Action, Sci-Fi, Thriller",Boris Kunz,"Simon Amberger, Peter Kocyla, Boris Kunz",6.3,2023,117,25275,"action  sci-fi  thriller boris kunz simon amberger, peter kocyla, boris kunz"
The Flash,"Action, Adventure, Fantasy",Andy Muschietti,"Christina Hodson, John Francis Daley, Jonathan Goldstein, Joby Harold, Harry Lampert, Gardner Fox, Robert Kanigher, Carmine Infantino, Jerry Siegel, Joe Shuster, Bob Kane, Bill Finger, William Moulton Marston",6.6,2023,144,245692,"action  adventure  fantasy andy muschietti christina hodson, john francis daley, jonathan goldstein, joby harold, harry lampert, gardner fox, robert kanigher, carmine infantino, jerry siegel, joe shuster, bob kane, bill finger, william moulton marston"
Mickey 17,"Adventure, Comedy, Fantasy",Bong Joon Ho,"Bong Joon Ho, Edward Ashton",6.7,2025,137,236444,"adventure  comedy  fantasy bong joon ho bong joon ho, edward ashton"
28 Years Later,"Horror, Sci-Fi, Thriller",Danny Boyle,Alex Garland,6.6,2025,115,200898,horror  sci-fi  thriller danny boyle alex garland
The Hunger Games: The Ballad of Songbirds & Snakes,"Action, Adventure, Drama",Francis Lawrence,"Michael Lesslie, Michael Arndt, Suzanne Collins",6.6,2023,157,179752,"action  adventure  drama francis lawrence michael lesslie, michael arndt, suzanne collins"
Beetlejuice Beetlejuice,"Comedy, Fantasy, Horror",Tim Burton,"Michael McDowell, Larry Wilson, Alfred Gough, Miles Millar, Seth Grahame-Smith",6.6,2024,105,171653,"comedy  fantasy  horror tim burton michael mcdowell, larry wilson, alfred gough, miles millar, seth grahame-smith"
The Accountant 2,"Action, Crime, Drama",Gavin O'Connor,Bill Dubuque,6.6,2025,132,125565,action  crime  drama gavin o'connor bill dubuque
Saw X,"Horror, Mystery, Thriller",Kevin Greutert,"Pete Goldfinger, Josh Stolberg",6.6,2023,118,96363,"horror  mystery  thriller kevin greutert pete goldfinger, josh stolberg"
Novocaine,"Action, Comedy, Crime","Dan Berk, Robert Olsen",Lars Jacobson,6.5,2025,110,85729,"action  comedy  crime dan berk, robert olsen lars jacobson"
Dunki,"Action, Adventure, Comedy",Rajkumar Hirani,"Abhijat Joshi, Rajkumar Hirani, Kanika Dhillon",6.5,2023,160,85423,"action  adventure  comedy rajkumar hirani abhijat joshi, rajkumar hirani, kanika dhillon"
The Thursday Murder Club,"Comedy, Crime, Mystery",Chris Columbus,"Katy Brand, Suzanne Heathcote, Richard Osman",6.5,2025,118,82849,"comedy  crime  mystery chris columbus katy brand, suzanne heathcote, richard osman"
Mufasa: The Lion King,"Adventure, Animation, Drama",Barry Jenkins,Jeff Nathanson,6.6,2024,118,81193,adventure  animation  drama barry jenkins jeff nathanson
Beau Is Afraid,"Comedy, Drama, Horror",Ari Aster,Ari Aster,6.6,2023,179,77845,comedy  drama  horror ari aster ari aster
The First Omen,Horror,Arkasha Stevenson,"Tim Smith, Arkasha Stevenson, Keith Thomas, Ben Jacoby, David Seltzer",6.5,2024,119,70681,"horror arkasha stevenson tim smith, arkasha stevenson, keith thomas, ben jacoby, david seltzer"
Maestro,"Biography, Drama, History",Bradley Cooper,"Bradley Cooper, Josh Singer",6.5,2023,129,69090,"biography  drama  history bradley cooper bradley cooper, josh singer"
Totally Killer,"Comedy, Horror, Mystery",Nahnatchka Khan,"David Matalon, Sasha Perl-Raver, Jen D'Angelo",6.5,2023,106,68108,"comedy  horror  mystery nahnatchka khan david matalon, sasha perl-raver, jen d'angelo"
Shaitaan,"Drama, Horror, Thriller",Vikas Bahl,"Aamil Keeyan Khan, Krishnadev Yagnik",6.5,2024,132,56142,"drama  horror  thriller vikas bahl aamil keeyan khan, krishnadev yagnik"
Priscilla,"Biography, Drama, Music",Sofia Coppola,"Priscilla Presley, Sandra Harmon, Sofia Coppola",6.4,2023,113,53709,"biography  drama  music sofia coppola priscilla presley, sandra harmon, sofia coppola"
Rocky Aur Rani Kii Prem Kahaani,"Comedy, Drama, Family",Karan Johar,"Shashank Khaitan, Ishita Moitra, Sumit Roy",6.5,2023,168,50652,"comedy  drama  family karan johar shashank khaitan, ishita moitra, sumit roy"
Fair Play,"Drama, Thriller",Chloe Domont,Chloe Domont,6.4,2023,113,46295,drama  thriller chloe domont chloe domont
Wuthering Heights,"Drama, Romance",Emerald Fennell,"Emerald Fennell, Emily Brontë",6.3,2026,136,39849,"drama  romance emerald fennell emerald fennell, emily brontë"
Boy Kills World,"Action, Comedy, Crime",Moritz Mohr,"Tyler Burton Smith, Arend Remmers, Moritz Mohr",6.4,2023,111,39799,"action  comedy  crime moritz mohr tyler burton smith, arend remmers, moritz mohr"
The Lord of the Rings: The War of the Rohirrim,"Action, Adventure, Animation",Kenji Kamiyama,"Jeffrey Addiss, Will Matthews, Phoebe Gittins, Arty Papageorgiou, J.R.R. Tolkien, Philippa Boyens",6.3,2024,134,39218,"action  adventure  animation kenji kamiyama jeffrey addiss, will matthews, phoebe gittins, arty papageorgiou, j.r.r. tolkien, philippa boyens"
Nefarious,"Drama, Horror, Thriller","Chuck Konzelman, Cary Solomon","Cary Solomon, Chuck Konzelman, Steve Deace",6.4,2023,97,38564,"drama  horror  thriller chuck konzelman, cary solomon cary solomon, chuck konzelman, steve deace"
The Wrecking Crew,"Action, Comedy, Crime",Angel Manuel Soto,Jonathan Tropper,6.4,2026,124,38523,action  comedy  crime angel manuel soto jonathan tropper
Strays,"Adventure, Comedy",Josh Greenbaum,Dan Perrault,6.3,2023,93,37524,adventure  comedy josh greenbaum dan perrault
Freakier Friday,"Comedy, Family, Fantasy",Nisha Ganatra,"Jordan Weiss, Elyse Hollander, Mary Rodgers",6.3,2025,110,37121,"comedy  family  fantasy nisha ganatra jordan weiss, elyse hollander, mary rodgers"
Tere Ishk Mein,"Action, Drama, Musical",Aanand L. Rai,"Himanshu Sharma, Neeraj Yadav",6.3,2025,167,30412,"action  drama  musical aanand l. rai himanshu sharma, neeraj yadav"
Back to Black,"Biography, Drama, Music",Sam Taylor-Johnson,Matt Greenhalgh,6.3,2024,122,30406,biography  drama  music sam taylor-johnson matt greenhalgh
Dracula,"Fantasy, Horror, Romance",Luc Besson,"Luc Besson, Bram Stoker",6.2,2025,129,29879,"fantasy  horror  romance luc besson luc besson, bram stoker"
Queer,"Biography, Drama, History",Luca Guadagnino,"William S. Burroughs, Justin Kuritzkes",6.3,2024,137,29121,"biography  drama  history luca guadagnino william s. burroughs, justin kuritzkes"
Chicken Run: Dawn of the Nugget,"Adventure, Animation, Comedy","Sam Fell, Jeff Newitt","Karey Kirkpatrick, John O'Farrell, Rachel Tunnard, Mark Burton, Holly Walsh, Lynn Ferguson, Ben Willbond, Laurence Rickard, David Bowers, Peter Peake",6.3,2023,98,28782,"adventure  animation  comedy sam fell, jeff newitt karey kirkpatrick, john o'farrell, rachel tunnard, mark burton, holly walsh, lynn ferguson, ben willbond, laurence rickard, david bowers, peter peake"
Munjya,"Comedy, Horror",Aditya Sarpotdar,"Niren Bhatt, Yogesh Chandekar, Tushar Ajgaonkar",6.3,2024,123,28545,"comedy  horror aditya sarpotdar niren bhatt, yogesh chandekar, tushar ajgaonkar"
Here,Drama,Robert Zemeckis,"Eric Roth, Robert Zemeckis, Richard McGuire",6.3,2024,104,27493,"drama robert zemeckis eric roth, robert zemeckis, richard mcguire"
Sleeping Dogs,"Crime, Mystery, Thriller",Adam Cooper,"Adam Cooper, Bill Collage, E.O. Chirovici",6.2,2024,110,26130,"crime  mystery  thriller adam cooper adam cooper, bill collage, e.o. chirovici"
Gladiator II,"Action, Adventure, Drama",Ridley Scott,"David Franzoni, Peter Craig, David Scarpa",6.5,2024,148,290701,"action  adventure  drama ridley scott david franzoni, peter craig, david scarpa"
Indiana Jones and the Dial of Destiny,"Action, Adventure, Sci-Fi",James Mangold,"Jez Butterworth, John-Henry Butterworth, David Koepp, James Mangold, George Lucas, Philip Kaufman",6.5,2023,154,230958,"action  adventure  sci-fi james mangold jez butterworth, john-henry butterworth, david koepp, james mangold, george lucas, philip kaufman"
Longlegs,"Crime, Horror, Mystery",Osgood Perkins,Osgood Perkins,6.5,2024,101,220125,crime  horror  mystery osgood perkins osgood perkins
Twisters,"Action, Adventure, Thriller",Lee Isaac Chung,"Mark L. Smith, Joseph Kosinski, Michael Crichton, Anne-Marie Martin",6.5,2024,122,192409,"action  adventure  thriller lee isaac chung mark l. smith, joseph kosinski, michael crichton, anne-marie martin"
Carry-On,"Action, Crime, Thriller",Jaume Collet-Serra,T.J. Fixman,6.5,2024,119,190949,action  crime  thriller jaume collet-serra t.j. fixman
Evil Dead Rise,Horror,Lee Cronin,Lee Cronin,6.5,2023,96,165718,horror lee cronin lee cronin
A Haunting in Venice,"Crime, Drama, Horror",Kenneth Branagh,"Michael Green, Agatha Christie",6.5,2023,103,140135,"crime  drama  horror kenneth branagh michael green, agatha christie"
Blink Twice,"Mystery, Thriller",Zoë Kravitz,"Zoë Kravitz, E.T. Feigenbaum",6.5,2024,102,127353,"mystery  thriller zoë kravitz zoë kravitz, e.t. feigenbaum"
Abigail,"Action, Comedy, Crime","Matt Bettinelli-Olpin, Tyler Gillett","Stephen Shields, Guy Busick",6.5,2024,109,115657,"action  comedy  crime matt bettinelli-olpin, tyler gillett stephen shields, guy busick"
Bad Boys: Ride or Die,"Action, Adventure, Comedy","Adil El Arbi, Bilall Fallah","Chris Bremner, Will Beall, George Gallo",6.5,2024,115,111667,"action  adventure  comedy adil el arbi, bilall fallah chris bremner, will beall, george gallo"
Plane,"Action, Adventure, Thriller",Jean-François Richet,"Charles Cumming, J.P. Davis",6.5,2023,107,102905,"action  adventure  thriller jean-françois richet charles cumming, j.p. davis"
Wolfs,"Comedy, Crime, Thriller",Jon Watts,Jon Watts,6.5,2024,108,101869,comedy  crime  thriller jon watts jon watts
The Amateur,"Action, Thriller",James Hawes,"Robert Littell, Ken Nolan, Gary Spinelli",6.5,2025,122,94736,"action  thriller james hawes robert littell, ken nolan, gary spinelli"
Beverly Hills Cop: Axel F,"Action, Comedy, Crime",Mark Molloy,"Will Beall, Tom Gormican, Kevin Etten, Danilo Bach, Daniel Petrie Jr.",6.4,2024,118,86577,"action  comedy  crime mark molloy will beall, tom gormican, kevin etten, danilo bach, daniel petrie jr."
The Running Man,"Action, Adventure, Sci-Fi",Edgar Wright,"Stephen King, Michael Bacall, Edgar Wright",6.4,2025,133,83368,"action  adventure  sci-fi edgar wright stephen king, michael bacall, edgar wright"
Luther: The Fallen Sun,"Action, Crime, Drama",Jamie Payne,Neil Cross,6.4,2023,129,72074,action  crime  drama jamie payne neil cross
Kinds of Kindness,"Comedy, Drama, Horror",Yorgos Lanthimos,"Yorgos Lanthimos, Efthimis Filippou",6.4,2024,164,70196,"comedy  drama  horror yorgos lanthimos yorgos lanthimos, efthimis filippou"
Ferrari,"Biography, Drama, History",Michael Mann,"Troy Kennedy Martin, Brock Yates",6.4,2023,130,66842,"biography  drama  history michael mann troy kennedy martin, brock yates"
Heads of State,"Action, Adventure, Comedy",Ilya Naishuller,"Josh Appelbaum, André Nemec, Harrison Query",6.4,2025,116,66478,"action  adventure  comedy ilya naishuller josh appelbaum, andré nemec, harrison query"
The Smashing Machine,"Action, Biography, Drama",Benny Safdie,Benny Safdie,6.3,2025,123,66027,action  biography  drama benny safdie benny safdie
IF,"Animation, Comedy, Drama",John Krasinski,John Krasinski,6.4,2024,104,65476,animation  comedy  drama john krasinski john krasinski
The Family Plan,"Action, Comedy",Simon Cellan Jones,David Coggeshall,6.3,2023,118,63039,action  comedy simon cellan jones david coggeshall
Saiyaara,"Drama, Musical, Romance",Mohit Suri,"Sankalp Sadanah, Rohan Shankar",6.3,2025,150,57652,"drama  musical  romance mohit suri sankalp sadanah, rohan shankar"
Nowhere,"Drama, Thriller",Albert Pintó,"Indiana Lista, Ernest Riera, Miguel Ruz, Seanne Winslow, Teresa de Rosendo",6.3,2023,109,48398,"drama  thriller albert pintó indiana lista, ernest riera, miguel ruz, seanne winslow, teresa de rosendo"
Old Dads,Comedy,Bill Burr,"Bill Burr, Ben Tishler",6.2,2023,104,46953,"comedy bill burr bill burr, ben tishler"
Karate Kid: Legends,"Action, Drama, Family",Jonathan Entwistle,"Rob Lieber, Robert Mark Kamen",6.3,2025,94,45567,"action  drama  family jonathan entwistle rob lieber, robert mark kamen"
Den of Thieves: Pantera,"Action, Crime, Drama",Christian Gudegast,"Christian Gudegast, Paul T. Scheuring",6.3,2025,144,43018,"action  crime  drama christian gudegast christian gudegast, paul t. scheuring"
The Instigators,"Action, Comedy, Crime",Doug Liman,"Chuck MacLean, Casey Affleck",6.2,2024,101,42717,"action  comedy  crime doug liman chuck maclean, casey affleck"
Auron Mein Kahan Dum Tha,"Action, Crime, Drama",Neeraj Pandey,Neeraj Pandey,6.2,2024,150,41219,action  crime  drama neeraj pandey neeraj pandey
Bob Marley: One Love,"Biography, Drama, Music",Reinaldo Marcus Green,"Terence Winter, Frank E. Flowers, Zach Baylin, Reinaldo Marcus Green",6.2,2024,107,38612,"biography  drama  music reinaldo marcus green terence winter, frank e. flowers, zach baylin, reinaldo marcus green"
We Have a Ghost,"Adventure, Comedy, Family",Christopher Landon,"Christopher Landon, Geoff Manaugh",6.1,2023,126,36671,"adventure  comedy  family christopher landon christopher landon, geoff manaugh"
Upgraded,"Comedy, Romance",Carlson Young,"Christine Lenig, Justin Matthews, Luke Spencer Roberts",6.1,2024,104,32890,"comedy  romance carlson young christine lenig, justin matthews, luke spencer roberts"
Lisa Frankenstein,"Comedy, Horror, Romance",Zelda Williams,Diablo Cody,6.1,2024,101,31741,comedy  horror  romance zelda williams diablo cody
Thunivu,"Action, Crime, Thriller",H. Vinoth,H. Vinoth,6.1,2023,146,30694,action  crime  thriller h. vinoth h. vinoth
Good Boy,"Horror, Thriller",Ben Leonberg,"Alex Cannon, Ben Leonberg",6.1,2025,72,28775,"horror  thriller ben leonberg alex cannon, ben leonberg"
Fast Charlie,"Action, Crime, Drama",Phillip Noyce,"Richard Wenk, Victor Gischler",6.0,2023,90,28272,"action  crime  drama phillip noyce richard wenk, victor gischler"
Mercy,"Action, Crime, Drama",Timur Bekmambetov,Marco van Belle,6.1,2026,99,27624,action  crime  drama timur bekmambetov marco van belle
Sikandar Ka Muqaddar,"Action, Crime, Drama",Neeraj Pandey,"Neeraj Pandey, Vipul K. Rawal",6.0,2024,142,26285,"action  crime  drama neeraj pandey neeraj pandey, vipul k. rawal"
